1,Nerta,Urias,555-123-4567
2,Agathe,Old,555-234-5678
3,Valera,Kiersten,555-345-6789
4,Gale,Justinn,555-456-7890
5,Suzette,Dituri,555-567-8901
6,Cathie,Garrison,555-678-9012
7,Karlee,Anselmi,555-789-0123
8,Edyth,Rooney,555-890-1234
9,Sashenka,Kermit,555-901-2345
10,Clo,Liva,555-012-3456
11,Kelly,Millda,555-123-4567
12,Riannon,Eiser,555-234-5678
13,Caritta,Maroney,555-345-6789
14,Claudina,Torray,555-456-7890
15,Sophia,Tremayne,555-567-8901
16,Theodora,Iphlgenia,555-678-9012
17,Amelia,Bonilla,555-789-0123
18,Tobe,Pierette,555-890-1234
19,Celisse,Maisey,555-901-2345
20,Keelia,Fiester,555-012-3456
21,Paulita,Olin,555-123-4567
22,Riannon,Erlandson,555-234-5678
23,Alleen,Alisia,555-345-6789
24,Elka,Cherianne,555-456-7890
25,Zondra,Noman,555-567-8901
26,Oralee,Bergman,555-678-9012
27,Kylynn,Connelly,555-789-0123
28,Letizia,Macey,555-890-1234
29,Iseabal,Berne,555-901-2345
30,Sarette,Ciapas,555-012-3456
31,Theodora,Pillsbury,555-123-4567
32,Giustina,Ellerey,555-234-5678
33,Celene,Bury,555-345-6789
34,Mathilda,Cath,555-456-7890
35,Lusa,Elisha,555-567-8901
36,Mallory,Louanna,555-678-9012
37,Camile,Kronfeld,555-789-0123
38,Alejandra,Linskey,555-890-1234
39,Consuela,Wenda,555-901-2345
40,Celisse,Bennie,555-012-3456
41,Adriana,Adrienne,555-123-4567
42,Shell,Elvyn,555-234-5678
43,Kimberley,Franza,555-345-6789
44,Hope,Obed,555-456-7890
45,Addia,Mozelle,555-567-8901
46,Gavrielle,Ingra,555-678-9012
47,Agnese,Kress,555-789-0123
48,Kalina,Constancy,555-890-1234
49,Jacenta,Gaynor,555-901-2345
50,Krystle,Sallyann,555-012-3456
51,Melina,Allare,555-123-4567
52,Caressa,Sheedy,555-234-5678
53,Sean,Seagraves,555-345-6789
54,Nollie,Claudine,555-456-7890
55,Wilma,Judye,555-567-8901
56,Georgetta,Ferino,555-678-9012
57,Esmeralda,Fancie,555-789-0123
58,Liana,Hamil,555-890-1234
59,Frank,Pettiford,555-901-2345
60,Lyssa,Knowling,555-012-3456
61,Jeanna,Lauraine,123-456-789
62,Cherrita,Dorine,987-654-321
63,Vita,Bethany,555-123-456
64,Rhea,Karl,321-555-789
65,Odessa,Juan,999-888-777
66,Melodie,Hermes,444-222-111
67,Josephine,Merriott,777-555-333
68,Cordi,Daniele,888-666-444
69,Mireielle,Hewitt,222-111-999
70,Ada,Masao,333-444-555
71,Robbi,Beniamino,111-222-333
72,Nollie,Ivens,555-666-777
73,Marinna,Cristi,777-888-999
74,Janeczka,Therine,444-333-222
75,Pollyanna,Levey,888-777-666
76,Merrie,Hanleigh,666-555-444
77,Shirlee,Jehu,123-987-654
78,Peri,Cosenza,654-321-789
79,Kate,Dimitris,987-654-321
80,Eve,Kazimir,321-789-654
81,Gilda,Stephie,456-123-789
82,Celisse,Roxanna,789-456-123
83,Katleen,Ashely,987-654-321
84,Amelia,Macey,789-321-456
85,Cherrita,Longfellow,123-456-789
86,Marjie,Mitzi,654-987-321
87,Sabina,Eldrid,987-654-321
88,Gerianna,Persse,456-123-789
89,Adelle,Nisbet,321-654-987
90,Steffane,Kellby,789-123-456
91,Sarette,Ardeha,987-654-321
92,Emilia,Brandice,123-789-456
93,Queenie,Waldron,456-789-123
94,Liana,Baylor,654-987-321
95,Jacenta,Anselmi,789-123-456
96,Frank,Azeria,987-654-321
97,Joceline,Vittoria,123-456-789
98,Julieta,Kellby,456-789-123
99,Johna,Laurianne,789-123-456
100,Madelle,Sadowski,987-654-321
101,Christal,McGrody,321-654-987
102,Mara,Cloris,654-987-321
103,Joelly,Liva,789-123-456
104,Gale,Boycey,987-654-321
105,Mady,Ferino,123-456-789
106,Florencia,Erskine,456-789-123
107,Paola,Regan,789-123-456
108,Rori,Shields,987-654-321
109,Sabina,Lory,654-987-321
110,Jean,Jefferey,321-654-987
111,Ashlee,Lacombe,123-456-789
112,Kylynn,Peg,456-789-123
113,Fina,Loleta,789-123-456
114,Mamie,Geffner,987-654-321
115,Claresta,Kesley,654-987-321
116,Gertrud,Gaspard,321-654-987
117,Lory,Amethist,123-456-789
118,Raf,Jethro,456-789-123
119,Kore,Uund,789-123-456
120,Kassey,Baptlsta,987-654-321
121,Lisette,Huggins,654-987-321
122,Beatriz,Henrie,321-654-987
123,Ebonee,Ogren,123-456-789
124,Brynna,Gavrila,456-789-123
125,Zaria,Redmond,789-123-456
126,Danika,Wesle,987-654-321
127,Merry,Khorma,654-987-321
128,Meghann,Bluh,321-654-987
129,Tobe,Simmonds,123-456-789
130,Johna,Bashemeth,456-789-123
131,Rozele,Armanda,789-123-456
132,Carlie,Stefa,987-654-321
133,Maurene,Niles,654-987-321
134,Sophia,Eachern,321-654-987
135,Kara-Lynn,Earlie,123-456-789
136,Margette,Kosey,456-789-123
137,Darci,Scammon,789-123-456
138,Chere,Donell,987-654-321
139,Jessy,Janith,654-987-321
140,Kial,Santoro,321-654-987
141,Concettina,Glovsky,123-456-789
142,Carol-Jean,Mendez,456-789-123
143,Patricia,Barrus,789-123-456
144,Lorne,Weaks,987-654-321
145,Gabi,Cleavland,654-987-321
146,Grier,Federica,321-654-987
147,Sarette,Peg,123-456-789
148,Elise,Torray,456-789-123
149,Rivalee,Adlare,789-123-456
150,Amara,Lucienne,987-654-321
151,Charlena,Heidt,654-987-321
152,Jillayne,Ball,321-654-987
153,Flo,Kolnick,123-456-789
154,Jolyn,Roche,456-789-123
155,Alexine,Agle,789-123-456
156,Dotty,Susannah,987-654-321
157,Vere,Woodberry,654-987-321
158,Vonny,Wildermuth,321-654-987
159,Monika,Toffic,123-456-789
160,Peri,Tengdin,456-789-123
