1,Nerta,Urias,555-123-4567
2,Agathe,Old,555-234-5678
3,Valera,Kiersten,555-345-6789
4,Gale,Justinn,555-456-7890
5,Suzette,Dituri,555-567-8901
6,Cathie,Garrison,555-678-9012
7,Karlee,Anselmi,555-789-0123
8,Edyth,Rooney,555-890-1234
9,Sashenka,Kermit,555-901-2345
10,Clo,Liva,555-012-3456
11,Kelly,Millda,555-123-4567
12,Riannon,Eiser,555-234-5678
13,Caritta,Maroney,555-345-6789
14,Claudina,Torray,555-456-7890
15,Sophia,Tremayne,555-567-8901
16,Theodora,Iphlgenia,555-678-9012
17,Amelia,Bonilla,555-789-0123
18,Tobe,Pierette,555-890-1234
19,Celisse,Maisey,555-901-2345
20,Keelia,Fiester,555-012-3456
21,Paulita,Olin,555-123-4567
22,Riannon,Erlandson,555-234-5678
23,Alleen,Alisia,555-345-6789
24,Elka,Cherianne,555-456-7890
25,Zondra,Noman,555-567-8901
26,Oralee,Bergman,555-678-9012
27,Kylynn,Connelly,555-789-0123
28,Letizia,Macey,555-890-1234
29,Iseabal,Berne,555-901-2345
30,Sarette,Ciapas,555-012-3456
31,Theodora,Pillsbury,555-123-4567
32,Giustina,Ellerey,555-234-5678
33,Celene,Bury,555-345-6789
34,Mathilda,Cath,555-456-7890
35,Lusa,Elisha,555-567-8901
36,Mallory,Louanna,555-678-9012
37,Camile,Kronfeld,555-789-0123
38,Alejandra,Linskey,555-890-1234
39,Consuela,Wenda,555-901-2345
40,Celisse,Bennie,555-012-3456
41,Adriana,Adrienne,555-123-4567
42,Shell,Elvyn,555-234-5678
43,Kimberley,Franza,555-345-6789
44,Hope,Obed,555-456-7890
45,Addia,Mozelle,555-567-8901
46,Gavrielle,Ingra,555-678-9012
47,Agnese,Kress,555-789-0123
48,Kalina,Constancy,555-890-1234
49,Jacenta,Gaynor,555-901-2345
50,Krystle,Sallyann,555-012-3456
51,Melina,Allare,555-123-4567
52,Caressa,Sheedy,555-234-5678
53,Sean,Seagraves,555-345-6789
54,Nollie,Claudine,555-456-7890
55,Wilma,Judye,555-567-8901
56,Georgetta,Ferino,555-678-9012
57,Esmeralda,Fancie,555-789-0123
58,Liana,Hamil,555-890-1234
59,Frank,Pettiford,555-901-2345
60,Lyssa,Knowling,555-012-3456