1,cash,75
2,card,60
3,check,60
4,card,25
5,check,25
6,card,60
7,card,30
8,cash,60
9,card,25
10,check,30
11,card,25
12,cash,25
13,cash,30
14,card,25
15,check,30
16,cash,75
17,cash,60
18,check,75
19,check,25
20,card,25
21,check,60
22,cash,30
23,cash,60
24,card,25
25,card,25
26,cash,60
27,card,75
28,card,75
29,cash,30
30,check,25
31,card,75
32,cash,30
33,card,25
34,cash,60
35,check,60
36,check,25
37,cash,25
38,check,30
39,check,75
40,card,60
41,card,30
42,card,30
43,cash,60
44,card,60
45,check,30
46,cash,75
47,card,25
48,check,75
49,check,60
50,cash,75
51,card,60
52,card,60
53,check,25
54,check,30
55,cash,30
56,check,30
57,check,30
58,check,75
59,cash,30
60,cash,75
61,cash,25
62,cash,25
63,check,60
64,card,75
65,check,60
66,card,75
67,check,60
68,cash,60
69,check,75
70,cash,30
71,cash,25
72,cash,25
73,card,75
74,check,60
75,cash,30
76,card,60
77,check,30
78,cash,60
79,check,30
80,check,75
81,card,60
82,card,60
83,check,75
84,cash,25
85,card,60
86,cash,60
87,check,75
88,card,75
89,check,75
90,cash,60
91,card,25
92,cash,75
93,cash,30
94,card,30
95,check,60
96,card,60
97,cash,60
98,card,30
99,check,25
100,cash,30
101,check,75
102,card,30
103,card,25
104,cash,75
105,cash,25
106,cash,30
107,card,75
108,card,25
109,cash,30
110,cash,30
111,card,30
112,check,30
113,cash,25
114,card,30
115,card,60
116,check,75
117,cash,60
118,cash,75
119,card,75
120,check,30
121,check,75
122,cash,25
123,cash,25
124,card,75
125,check,30
126,cash,25
127,check,75
128,cash,60
129,card,60
130,check,85
131,card,95
132,check,40
133,card,35
134,cash,40
135,card,95
136,check,85
137,card,40
138,check,85
139,cash,95
140,cash,35
141,cash,35
142,check,40
143,check,95
144,cash,85
145,check,95
146,check,40
147,cash,35
148,card,35
149,cash,35
150,card,40
151,cash,95
152,cash,35
153,card,95
154,cash,40
155,cash,40
156,check,35
157,cash,95
158,card,40
159,card,35
160,card,95
161,check,35
162,cash,95
163,cash,85
164,cash,85
165,check,35
166,check,95
167,check,85
168,cash,40
169,check,85
170,cash,35
171,card,85
172,check,40
173,check,35
174,card,35
175,cash,95
176,check,40
177,check,95
178,card,35
179,cash,85
180,cash,40
181,check,85
182,card,95
183,card,85
184,card,85
185,card,35
186,check,95
187,card,95
188,card,95
189,cash,95
190,check,85
191,cash,95
192,check,95
193,card,35
194,card,35
195,cash,85
196,check,40
197,card,40
198,check,40
199,cash,40
200,card,40
201,check,40
202,check,35
203,check,85
204,card,85
205,card,40
206,cash,95
207,cash,40
208,cash,85
209,check,35
210,cash,85
211,check,40
212,cash,95
213,check,40
214,cash,85
215,cash,40
216,card,95
217,card,40
218,check,85
219,check,40
220,cash,95
221,card,85
222,cash,95
223,cash,40
224,cash,85
225,check,35
226,cash,85
227,cash,85
228,cash,35
229,check,40
230,check,35
231,cash,35
232,card,85
233,check,85
234,card,85
235,card,95
236,cash,85
237,cash,40
238,card,95
239,cash,35
240,check,95
241,card,35
242,check,40
243,cash,40
244,cash,35
245,check,85
246,cash,35
247,card,95
248,card,35
249,cash,35
250,card,95
251,cash,95
252,card,35
253,check,35
254,card,40
255,cash,95
256,cash,85
257,cash,40
258,card,95
259,card,85
260,cash,95
261,cash,40
262,cash,85
263,cash,40
264,cash,35
265,check,85
266,check,35
267,cash,85
268,card,40
269,cash,35
270,check,100
271,cash,100
272,check,100
273,card,100
274,card,50
275,card,100
276,card,150
277,cash,50
278,check,50
279,check,100
280,check,60
281,cash,60
282,cash,50
283,card,150
284,card,150
285,cash,50
286,check,100
287,check,50
288,cash,100
289,cash,60
290,cash,60
291,card,50
292,cash,60
293,cash,60
294,cash,60
295,cash,60
296,card,150
297,cash,50
298,card,150
299,check,60
300,cash,150
301,cash,50
302,check,150
303,cash,150
304,check,150
305,check,100
306,card,50
307,check,150
308,card,50
309,cash,50
310,check,100
311,check,50
312,card,60
313,card,150
314,check,100
315,check,100
316,cash,150
317,card,150
318,cash,100
319,card,50
320,cash,100
321,cash,50
322,card,50
323,check,50
324,card,60
325,check,60
326,cash,60
327,check,150
328,cash,60
329,card,60
330,check,60
331,cash,150
332,cash,150
333,card,100
334,check,50
335,cash,50
336,card,50
337,check,150
338,cash,150
339,card,100
340,check,50
341,card,60
342,cash,60
343,cash,60
344,cash,150
345,card,50
346,card,50
347,check,60
348,check,100
349,cash,100
350,card,100
351,cash,50
352,check,60
353,cash,100
354,cash,100
355,card,150
356,card,60
357,cash,100
358,cash,150
359,card,50
360,check,60
361,card,60
362,cash,150
363,card,50
364,card,60
365,card,60
366,check,100
367,cash,100
368,cash,60
369,cash,50
370,card,50
371,check,100
372,card,100
373,check,150
374,check,150
375,card,60
376,check,100
377,cash,150
378,card,150
379,card,50
380,check,100
381,check,50
382,card,100
383,cash,50
384,cash,50
385,card,50
386,card,100
387,cash,100
388,check,150
389,cash,50
390,check,100
391,card,100
392,check,60
393,card,50
394,card,100
395,card,150
396,check,150
397,card,50
398,card,50
399,card,50
400,check,60
401,card,50
402,card,150
403,check,150
404,cash,100
405,card,50
406,cash,50
407,cash,60
408,card,100
409,card,150
410,card,60
411,cash,100
412,card,60