1,cash,75
2,card,60
3,check,60
4,card,25
5,check,25
6,card,60
7,card,30
8,cash,60
9,card,25
10,check,30
11,card,25
12,cash,25
13,cash,30
14,card,25
15,check,30
16,cash,75
17,cash,60
18,check,75
19,check,25
20,card,25
21,check,60
22,cash,30
23,cash,60
24,card,25
25,card,25
26,cash,60
27,card,75
28,card,75
29,cash,30
30,check,25
31,card,75
32,cash,30
33,card,25
34,cash,60
35,check,60
36,check,25
37,cash,25
38,check,30
39,check,75
40,card,60
41,card,30
42,card,30
43,cash,60
44,card,60
45,check,30
46,cash,75
47,card,25
48,check,75
49,check,60
50,cash,75
51,card,60
52,card,60
53,check,25
54,check,30
55,cash,30
56,check,30
57,check,30
58,check,75
59,cash,30
60,cash,75
61,cash,25
62,cash,25
63,check,60
64,card,75
65,check,60
66,card,75
67,check,60
68,cash,60
69,check,75
70,cash,30
71,cash,25
72,cash,25
73,card,75
74,check,60
75,cash,30
76,card,60
77,check,30
78,cash,60
79,check,30
80,check,75
81,card,60
82,card,60
83,check,75
84,cash,25
85,card,60
86,cash,60
87,check,75
88,card,75
89,check,75
90,cash,60
91,card,25
92,cash,75
93,cash,30
94,card,30
95,check,60
96,card,60
97,cash,60
98,card,30
99,check,25
100,cash,30
101,check,75
102,card,30
103,card,25
104,cash,75
105,cash,25
106,cash,30
107,card,75
108,card,25
109,cash,30
110,cash,30
111,card,30
112,check,30
113,cash,25
114,card,30
115,card,60
116,check,75
117,cash,60
118,cash,75
119,card,75
120,check,30
121,check,75
122,cash,25
123,cash,25
124,card,75
125,check,30
126,cash,25
127,check,75
128,cash,60
129,card,60
130,check,85
131,card,95
132,check,40
133,card,35
134,cash,40
135,card,95
136,check,85
137,card,40
138,check,85
139,cash,95
140,cash,35
141,cash,35
142,check,40
143,check,95
144,cash,85
145,check,95
146,check,40
147,cash,35
148,card,35
149,cash,35
150,card,40
151,cash,95
152,cash,35
153,card,95
154,cash,40
155,cash,40
156,check,35
157,cash,95
158,card,40
159,card,35
160,card,95
161,check,35
162,cash,95
163,cash,85
164,cash,85
165,check,35
166,check,95
167,check,85
168,cash,40
169,check,85
170,cash,35
171,card,85
172,check,40
173,check,35
174,card,35
175,cash,95
176,check,40
177,check,95
178,card,35
179,cash,85
180,cash,40
181,check,85
182,card,95
183,card,85
184,card,85
185,card,35
186,check,95
187,card,95
188,card,95
189,cash,95
190,check,85
191,cash,95
192,check,95
193,card,35
194,card,35
195,cash,85
196,check,40
197,card,40
198,check,40
199,cash,40
200,card,40
201,check,40
202,check,35
203,check,85
204,card,85
205,card,40
206,cash,95
207,cash,40
208,cash,85
209,check,35
210,cash,85
211,check,40
212,cash,95
213,check,40
214,cash,85
215,cash,40
216,card,95
217,card,40
218,check,85
219,check,40
220,cash,95
221,card,85
222,cash,95
223,cash,40
224,cash,85
225,check,35
226,cash,85
227,cash,85
228,cash,35
229,check,40
230,check,35
231,cash,35
232,card,85
233,check,85
234,card,85
235,card,95
236,cash,85
237,cash,40
238,card,95
239,cash,35
240,check,95
241,card,35
242,check,40
243,cash,40
244,cash,35
245,check,85
246,cash,35
247,card,95
248,card,35
249,cash,35
250,card,95
251,cash,95
252,card,35
253,check,35
254,card,40
255,cash,95
256,cash,85
257,cash,40
258,card,95
259,card,85
260,cash,95
261,cash,40
262,cash,85
263,cash,40
264,cash,35
265,check,85
266,check,35
267,cash,85
268,card,40
269,cash,35
270,check,100
271,cash,100
272,check,100
273,card,100
274,card,50
275,card,100
276,card,150
277,cash,50
278,check,50
279,check,100
280,check,60
281,cash,60
282,cash,50
283,card,150
284,card,150
285,cash,50
286,check,100
287,check,50
288,cash,100
289,cash,60
290,cash,60
291,card,50
292,cash,60
293,cash,60
294,cash,60
295,cash,60
296,card,150
297,cash,50
298,card,150
299,check,60
300,cash,150
301,cash,50
302,check,150
303,cash,150
304,check,150
305,check,100
306,card,50
307,check,150
308,card,50
309,cash,50
310,check,100
311,check,50
312,card,60
313,card,150
314,check,100
315,check,100
316,cash,150
317,card,150
318,cash,100
319,card,50
320,cash,100
321,cash,50
322,card,50
323,check,50
324,card,60
325,check,60
326,cash,60
327,check,150
328,cash,60
329,card,60
330,check,60
331,cash,150
332,cash,150
333,card,100
334,check,50
335,cash,50
336,card,50
337,check,150
338,cash,150
339,card,100
340,check,50
341,card,60
342,cash,60
343,cash,60
344,cash,150
345,card,50
346,card,50
347,check,60
348,check,100
349,cash,100
350,card,100
351,cash,50
352,check,60
353,cash,100
354,cash,100
355,card,150
356,card,60
357,cash,100
358,cash,150
359,card,50
360,check,60
361,card,60
362,cash,150
363,card,50
364,card,60
365,card,60
366,check,100
367,cash,100
368,cash,60
369,cash,50
370,card,50
371,check,100
372,card,100
373,check,150
374,check,150
375,card,60
376,check,100
377,cash,150
378,card,150
379,card,50
380,check,100
381,check,50
382,card,100
383,cash,50
384,cash,50
385,card,50
386,card,100
387,cash,100
388,check,150
389,cash,50
390,check,100
391,card,100
392,check,60
393,card,50
394,card,100
395,card,150
396,check,150
397,card,50
398,card,50
399,card,50
400,check,60
401,card,50
402,card,150
403,check,150
404,cash,100
405,card,50
406,cash,50
407,cash,60
408,card,100
409,card,150
410,card,60
411,cash,100
412,card,60
413,check,160
414,check,150
415,card,250
416,cash,75
417,check,70
418,cash,250
419,card,150
420,cash,70
421,card,160
422,card,160
423,cash,160
424,cash,160
425,cash,160
426,check,160
427,check,75
428,check,75
429,card,150
430,check,250
431,card,250
432,check,115
433,check,115
434,cash,75
435,card,160
436,check,70
437,check,115
438,card,70
439,card,75
440,card,250
441,card,150
442,card,75
443,card,115
444,card,70
445,cash,70
446,check,250
447,check,250
448,card,75
449,cash,150
450,cash,70
451,card,160
452,cash,250
453,card,75
454,cash,160
455,card,115
456,cash,160
457,card,115
458,cash,75
459,card,150
460,card,160
461,check,150
462,card,75
463,card,250
464,check,250
465,cash,70
466,check,160
467,check,250
468,card,70
469,check,160
470,cash,150
471,check,150
472,cash,250
473,card,250
474,card,250
475,card,115
476,card,250
477,card,160
478,cash,250
479,cash,115
480,cash,150
481,card,250
482,card,250
483,check,150
484,check,160
485,card,250
486,check,70
487,check,70
488,cash,160
489,cash,70
490,check,70
491,check,75
492,check,160
493,check,250
494,card,160
495,card,70
496,cash,150
497,cash,160
498,card,150
499,card,75
500,card,160
501,check,70
502,card,75
503,check,250
504,card,75
505,card,115
506,check,250
507,card,250
508,card,150
509,check,250
510,cash,70
511,card,115
512,cash,160
513,card,160
514,cash,160
515,cash,150
516,card,115
517,cash,150
518,cash,115
519,cash,75
520,cash,70
521,check,70
522,cash,115
523,check,75
524,card,75
525,check,115
526,cash,115
527,check,75
528,card,250
529,card,70
530,check,160
531,check,250
532,card,115
533,check,70
534,cash,115
535,card,75
536,check,70
537,check,160
538,card,150
539,cash,70
540,check,70
541,card,70
542,cash,70
543,card,250
544,cash,115
545,card,150
546,check,160
547,cash,75
548,check,115
549,card,75
550,card,115
551,check,70
552,check,115
553,card,70
554,cash,150
555,check,70
556,check,250
557,card,160
558,check,160
559,card,160
560,check,150
561,cash,75
562,card,160
563,cash,115
564,cash,150
565,card,115
566,check,160
567,cash,160
568,card,75
569,card,115
570,check,160
571,check,150
572,card,70
573,card,115
574,cash,75
575,check,115
576,cash,250
577,cash,75
578,cash,70
579,check,150
580,check,70
581,cash,160
582,check,250
583,cash,160
584,cash,160
585,card,150
586,check,75
587,card,75
588,check,115
589,card,150
590,cash,75
591,check,75
592,card,115
593,cash,115
594,check,75
595,card,160
596,check,115
597,check,250
598,cash,150
599,card,160
600,cash,70
601,cash,75
602,cash,115
603,check,150
604,cash,70
605,card,160
606,check,70
607,card,115
608,check,70
609,cash,70
610,check,250
611,check,160
612,card,160
613,card,115
614,cash,150
615,cash,160
616,card,75
617,card,70
618,card,160
619,check,150
620,check,70
621,card,150
622,check,160
623,card,250
624,cash,150
625,check,75
626,check,150
627,card,70
628,cash,250
629,card,75
630,card,75
631,card,75
632,card,70
633,check,150
634,cash,150
635,card,70
636,cash,150
637,check,115
638,check,250
639,card,75
640,check,75
641,cash,70
642,cash,75
643,card,75
644,cash,150
645,card,115
646,cash,150
647,cash,70
648,check,75
649,card,70
650,check,70
651,cash,75
652,cash,250
653,card,160
654,card,250
655,cash,115
656,check,160
657,card,115
658,cash,75
659,cash,75
660,check,160
661,card,160
662,card,115
663,check,75
664,cash,160
665,cash,250
666,cash,150
667,cash,250
668,check,115
669,cash,250
670,card,70
671,cash,250
672,card,150
673,cash,115
674,check,115
675,card,150
676,cash,70
677,card,250
678,check,75
679,cash,150
680,check,75
681,check,160
682,check,160
683,cash,150
684,card,115
685,card,75
686,cash,250
687,check,250
688,cash,150
689,card,75
690,card,160
691,check,115
692,card,160
693,cash,250
694,card,250
695,check,70
696,check,150
697,check,115
698,check,250
699,cash,115
700,card,115
701,check,75
702,card,150
703,card,75
704,check,70
705,card,160
706,cash,250
707,cash,150
708,card,115
709,cash,160
710,cash,160
711,check,250
712,card,250
713,card,160
714,card,250
715,card,75
716,cash,150
717,card,250
718,card,70
719,card,75
720,check,75
721,card,250
722,check,160
723,check,115
724,cash,250
725,check,150
726,check,160
727,cash,160
728,check,115
729,card,115
730,check,250
731,card,250
732,check,150
733,cash,160
734,card,250
735,cash,70
736,cash,150
737,card,75
738,card,150
739,check,70
740,check,160
741,card,70
742,check,250
743,cash,70
744,card,160
745,card,70
746,check,75
747,card,75
748,card,70
749,check,70
750,check,160
751,check,160
752,check,75
753,cash,250
754,card,250
755,check,115
756,check,115
757,cash,250
758,check,250
759,cash,160
760,cash,115
761,cash,75
762,cash,115
763,card,150
764,check,250
765,card,150
766,card,250
767,check,75
768,card,160
769,check,115
770,cash,150
771,cash,75
772,card,250
773,card,70
774,cash,160
775,card,160
776,check,250
777,cash,250
778,cash,150
779,card,70
780,card,160
781,card,70
782,card,160
783,cash,160
784,cash,250
785,card,250
786,check,70
787,card,250
788,cash,115
789,card,250
790,check,150
791,card,150
792,card,75
793,check,160
794,card,160
795,cash,250
796,card,115
797,cash,160
798,card,150
799,check,150
800,card,115
801,check,70
802,cash,115
803,check,75
804,check,70
805,check,160
806,cash,70
807,check,160
808,check,150
809,card,160
810,card,70
811,cash,250
812,card,160
813,check,250
814,check,150
815,cash,115
816,card,70
817,card,250
818,cash,115
819,check,115
820,card,160
821,card,115
822,check,150
823,card,75
824,card,115
825,cash,250
826,card,75
827,check,75
828,card,160
829,card,150
830,card,160
831,card,70
832,cash,75
833,check,250
834,cash,150
835,cash,160
836,card,70
837,card,70
838,card,160
839,check,250
840,cash,150
841,cash,150
842,check,160
843,check,160
844,check,150
845,check,250
846,cash,250
847,cash,150
848,card,250
849,check,70
850,card,150
851,cash,150
852,check,250
853,check,75
854,cash,150
855,check,250
856,check,70
857,check,70
858,check,70
859,check,115
860,cash,160
861,check,150
862,cash,70
863,check,250
864,cash,115
865,cash,115
866,cash,115
867,card,150
868,card,70
869,check,75
870,card,250
871,check,115
872,cash,150
873,check,160
874,check,75
875,cash,150
876,card,115
877,card,160
878,card,150
879,check,115
880,check,150
881,cash,70
882,card,150
883,check,150
884,cash,75
885,card,150
886,check,70
887,check,70
888,card,160
889,card,70
890,check,70
891,card,115
892,check,250
893,card,160
894,cash,75
895,cash,70
896,check,150
897,cash,75
898,cash,250
899,check,75
900,cash,250
901,cash,250
902,cash,70
903,cash,75
904,cash,115
905,card,160
906,cash,70
907,cash,115
908,cash,150
909,cash,250
910,cash,250
911,cash,70
912,check,75
913,card,115
914,cash,160
915,cash,160
916,cash,115
917,card,150
918,card,115
919,cash,70
920,card,70
921,card,160
922,card,150
923,card,70
924,cash,250
