1,4,customer_service,4
2,4,cleanliness,4
3,6,customer_service,11
4,4,cleanliness,11
5,4,service_providance,11
6,10,service_providance,25
7,7,cleanliness,27
8,5,customer_service,30
9,9,service_providance,30
10,2,cleanliness,32
11,3,customer_service,39
12,6,customer_service,42
13,5,customer_service,48
14,8,service_providance,54
15,7,cleanliness,56
16,4,cleanliness,59
17,3,service_providance,66
18,2,customer_service,71
19,5,service_providance,71
20,7,cleanliness,74
21,3,cleanliness,75
22,8,service_providance,75
23,8,customer_service,75
24,3,customer_service,81
25,2,cleanliness,85
26,1,customer_service,94
27,10,service_providance,96
28,9,service_providance,98
29,10,customer_service,99
30,8,cleanliness,100
31,10,service_providance,102
32,6,service_providance,103
33,9,cleanliness,104
34,1,cleanliness,110
35,10,service_providance,110
36,9,service_providance,113
37,4,cleanliness,114
38,4,cleanliness,124
39,3,customer_service,125
40,9,cleanliness,131
41,9,customer_service,136
42,8,service_providance,137
43,4,customer_service,137
44,5,cleanliness,138
45,1,service_providance,138
46,9,customer_service,140
47,10,service_providance,142
48,10,customer_service,143
49,2,cleanliness,144
50,3,service_providance,145
51,10,service_providance,146
52,1,service_providance,148
53,4,customer_service,148
54,10,cleanliness,150
55,3,service_providance,151
56,4,service_providance,152
57,4,customer_service,156
58,10,cleanliness,175
59,1,cleanliness,185
60,2,service_providance,186
61,5,customer_service,192
62,9,customer_service,199
63,6,cleanliness,210
64,8,customer_service,210
65,5,cleanliness,220
66,1,customer_service,222
67,7,customer_service,252
68,2,cleanliness,261
69,8,cleanliness,270
70,7,service_providance,272
71,5,customer_service,272
72,1,service_providance,287
73,5,customer_service,292
74,9,cleanliness,305
75,6,service_providance,314
76,8,cleanliness,314
77,7,service_providance,334
78,4,service_providance,346
79,2,customer_service,350
80,5,service_providance,350
81,1,customer_service,356
82,4,service_providance,357
83,5,customer_service,357
84,6,customer_service,360
85,4,service_providance,373
86,2,cleanliness,378
87,9,customer_service,383
88,8,service_providance,390
89,10,service_providance,393
90,10,service_providance,403
91,10,cleanliness,406
92,4,customer_service,411
93,2,service_providance,416
94,9,cleanliness,418
95,2,service_providance,419
96,5,customer_service,425
97,9,customer_service,432
98,1,cleanliness,434
99,7,cleanliness,435
100,5,cleanliness,436
101,6,customer_service,436
102,4,cleanliness,438
103,8,customer_service,450