1,4,customer_service,4
2,4,cleanliness,4
3,6,customer_service,11
4,4,cleanliness,11
5,4,service_providance,11
6,10,service_providance,25
7,7,cleanliness,27
8,5,customer_service,30
9,9,service_providance,30
10,2,cleanliness,32
11,3,customer_service,39
12,6,customer_service,42
13,5,customer_service,48
14,8,service_providance,54
15,7,cleanliness,56
16,4,cleanliness,59
17,3,service_providance,66
18,2,customer_service,71
19,5,service_providance,71
20,7,cleanliness,74
21,3,cleanliness,75
22,8,service_providance,75
23,8,customer_service,75
24,3,customer_service,81
25,2,cleanliness,85
26,1,customer_service,94
27,10,service_providance,96
28,9,service_providance,98
29,10,customer_service,99
30,8,cleanliness,100
31,10,service_providance,102
32,6,service_providance,103
33,9,cleanliness,104
34,1,cleanliness,110
35,10,service_providance,110
36,9,service_providance,113
37,4,cleanliness,114
38,4,cleanliness,124
39,3,customer_service,125
40,9,cleanliness,131
41,9,customer_service,136
42,8,service_providance,137
43,4,customer_service,137
44,5,cleanliness,138
45,1,service_providance,138
46,9,customer_service,140
47,10,service_providance,142
48,10,customer_service,143
49,2,cleanliness,144
50,3,service_providance,145
51,10,service_providance,146
52,1,service_providance,148
53,4,customer_service,148
54,10,cleanliness,150
55,3,service_providance,151
56,4,service_providance,152
57,4,customer_service,156
58,10,cleanliness,175
59,1,cleanliness,185
60,2,service_providance,186
61,5,customer_service,192
62,9,customer_service,199
63,6,cleanliness,210
64,8,customer_service,210
65,5,cleanliness,220
66,1,customer_service,222
67,7,customer_service,252
68,2,cleanliness,261
69,8,cleanliness,270
70,7,service_providance,272
71,5,customer_service,272
72,1,service_providance,287
73,5,customer_service,292
74,9,cleanliness,305
75,6,service_providance,314
76,8,cleanliness,314
77,7,service_providance,334
78,4,service_providance,346
79,2,customer_service,350
80,5,service_providance,350
81,1,customer_service,356
82,4,service_providance,357
83,5,customer_service,357
84,6,customer_service,360
85,4,service_providance,373
86,2,cleanliness,378
87,9,customer_service,383
88,8,service_providance,390
89,10,service_providance,393
90,10,service_providance,403
91,10,cleanliness,406
92,4,customer_service,411
93,2,service_providance,416
94,9,cleanliness,418
95,2,service_providance,419
96,5,customer_service,425
97,9,customer_service,432
98,1,cleanliness,434
99,7,cleanliness,435
100,5,cleanliness,436
101,6,customer_service,436
102,4,cleanliness,438
103,8,customer_service,450
104,7,service_provision,451
105,1,service_provision,455
106,3,customer_service,459
107,7,service_provision,469
108,2,service_provision,473
109,3,service_provision,474
110,6,cleanliness,475
111,7,service_provision,475
112,6,cleanliness,476
113,3,cleanliness,476
114,5,cleanliness,479
115,4,service_provision,480
116,8,customer_service,481
117,10,customer_service,484
118,9,service_provision,486
119,8,customer_service,486
120,7,cleanliness,486
121,3,customer_service,491
122,4,service_provision,493
123,2,customer_service,494
124,10,customer_service,496
125,4,service_provision,498
126,6,cleanliness,506
127,9,cleanliness,507
128,10,service_provision,507
129,1,service_provision,512
130,8,customer_service,515
131,5,service_provision,517
132,10,cleanliness,517
133,1,customer_service,518
134,9,customer_service,519
135,6,service_provision,522
136,10,cleanliness,523
137,8,service_provision,528
138,9,cleanliness,529
139,2,service_provision,531
140,2,customer_service,535
141,9,customer_service,539
142,1,service_provision,539
143,6,service_provision,540
144,7,cleanliness,542
145,6,service_provision,547
146,2,customer_service,554
147,1,service_provision,555
148,6,customer_service,563
149,1,service_provision,563
150,6,cleanliness,563
151,3,cleanliness,570
152,1,customer_service,572
153,9,service_provision,573
154,2,cleanliness,575
155,3,customer_service,578
156,2,service_provision,579
157,9,cleanliness,580
158,2,customer_service,584
159,10,service_provision,585
160,10,cleanliness,588
161,5,service_provision,589
162,6,customer_service,589
163,2,cleanliness,591
164,3,service_provision,599
165,6,service_provision,603
166,10,service_provision,606
167,1,service_provision,612
168,4,cleanliness,616
169,8,service_provision,616
170,3,cleanliness,617
171,6,customer_service,623
172,1,customer_service,624
173,7,service_provision,625
174,2,cleanliness,627
175,1,customer_service,630
176,1,customer_service,633
177,10,cleanliness,634
178,3,cleanliness,637
179,2,customer_service,637
180,3,service_provision,637
181,3,customer_service,639
182,3,customer_service,640
183,2,cleanliness,641
184,3,service_provision,643
185,7,service_provision,646
186,10,customer_service,646
187,1,cleanliness,649
188,8,service_provision,650
189,8,cleanliness,652
190,4,cleanliness,657
191,9,customer_service,657
192,7,cleanliness,658
193,5,cleanliness,664
194,10,cleanliness,666
195,3,cleanliness,674
196,1,customer_service,678
197,4,cleanliness,679
198,4,service_provision,679
199,4,customer_service,683
200,7,cleanliness,688
201,1,cleanliness,690
202,6,service_provision,696
203,8,cleanliness,697
204,3,customer_service,699
205,2,service_provision,703
206,7,cleanliness,703
207,7,cleanliness,705
208,9,service_provision,705
209,9,service_provision,707
210,1,cleanliness,708
211,10,customer_service,712
212,3,service_provision,717
213,9,service_provision,719
214,9,cleanliness,721
215,6,customer_service,725
216,10,service_provision,730
217,2,customer_service,733
218,8,customer_service,735
219,8,customer_service,737
220,1,service_provision,743
221,1,service_provision,748
222,9,service_provision,752
223,5,service_provision,755
224,9,service_provision,757
225,6,service_provision,758
226,10,service_provision,758
227,2,customer_service,765
228,2,cleanliness,767
229,1,service_provision,770
230,4,customer_service,771
231,4,cleanliness,771
232,7,customer_service,772
233,2,customer_service,777
234,1,cleanliness,779
235,7,service_provision,780
236,4,customer_service,783
237,7,cleanliness,784
238,10,service_provision,784
239,1,customer_service,785
240,7,customer_service,790
241,7,cleanliness,791
242,4,customer_service,794
243,5,customer_service,795
244,10,cleanliness,797
245,1,service_provision,797
246,3,customer_service,799
247,4,service_provision,801
248,7,customer_service,801
249,4,cleanliness,803
250,8,service_provision,803
251,8,customer_service,804
252,10,cleanliness,806
253,6,customer_service,808
254,4,cleanliness,809
255,10,cleanliness,811
256,10,cleanliness,812
257,8,service_provision,813
258,6,cleanliness,816
259,4,customer_service,818
260,7,cleanliness,822
261,7,customer_service,822
262,9,service_provision,827
263,6,customer_service,828
264,3,cleanliness,830
265,6,cleanliness,833
266,10,cleanliness,834
267,6,service_provision,839
268,2,service_provision,845
269,4,cleanliness,849
270,7,service_provision,853
271,5,customer_service,855
272,3,cleanliness,855
273,8,cleanliness,857
274,4,cleanliness,858
275,7,cleanliness,861
276,6,cleanliness,862
277,10,cleanliness,866
278,1,service_provision,866
279,3,service_provision,867
280,2,cleanliness,868
281,10,service_provision,868
282,4,customer_service,869
283,4,service_provision,871
284,2,cleanliness,871
285,1,customer_service,871
286,10,customer_service,874
287,1,customer_service,877
288,3,cleanliness,877
289,3,service_provision,877
290,1,service_provision,880
291,7,service_provision,881
292,6,cleanliness,883
293,5,service_provision,886
294,6,service_provision,887
295,5,cleanliness,889
296,1,cleanliness,890
297,10,customer_service,895
298,8,cleanliness,902
299,1,cleanliness,910
300,1,cleanliness,916
301,5,customer_service,921
302,10,cleanliness,924
303,10,customer_service,925
304,5,service_provision,929
305,6,customer_service,931
306,4,cleanliness,932
307,1,customer_service,938
308,8,service_provision,939
309,10,customer_service,939
310,8,cleanliness,943
311,2,cleanliness,944
312,2,service_provision,948
313,6,cleanliness,951
314,6,customer_service,954
315,10,customer_service,956
316,2,service_provision,957
317,10,service_provision,958
318,5,customer_service,960
319,8,cleanliness,960
320,6,cleanliness,961
321,8,cleanliness,966
322,6,cleanliness,968
323,9,cleanliness,969
324,7,customer_service,973
325,4,service_provision,973
326,8,service_provision,975
327,5,service_provision,979
328,10,service_provision,983
329,7,customer_service,984
330,6,cleanliness,987
331,9,customer_service,988
332,1,customer_service,990
