1,face_cleaning,30.00,false
2,pedicure,60.00,false
3,manicure,75.00,false
4,barbering,25.00,false
5,Face_cleaning_mid,35.00,false
6,Pedicure_mid,85.00,false
7,Manicure_mid,95.00,false
8,Barbering_mid,40.00,false
9,face_cleaning_fashion,50.00,false
10,pedicure_fashion,100.00,false
11,manicure_fashion,150.00,false
12,haircut,60.00,false
13,Haircut_new,70.00,true
14,Pedicure_new,115.00,true
15,Manicure_new,160.00,true
16,Face_cleaning_new,75.00,true
17,massage,250.00,true
18,depilation,150.00,true